[{"nome":"Acre","sigla":"AC","cod":"12","lat":0.0001,"lng":0.0001},{"nome":"Alagoas","sigla":"AL","cod":"27","lat":0.0001,"lng":0.0001},{"nome":"Amazonas","sigla":"AM","cod":"13","lat":0.0001,"lng":0.0001},{"nome":"Amapá","sigla":"AP","cod":"16","lat":0.0001,"lng":0.0001},{"nome":"Bahia","sigla":"BA","cod":"29","lat":0.0001,"lng":0.0001},{"nome":"Ceará","sigla":"CE","cod":"23","lat":0.0001,"lng":0.0001},{"nome":"Distrito Federal","sigla":"DF","cod":"53","lat":0.0001,"lng":0.0001},{"nome":"Espírito Santo","sigla":"ES","cod":"32","lat":0.0001,"lng":0.0001},{"nome":"Goiás","sigla":"GO","cod":"52","lat":0.0001,"lng":0.0001},{"nome":"Maranhão","sigla":"MA","cod":"21","lat":0.0001,"lng":0.0001},{"nome":"Minas Gerais","sigla":"MG","cod":"31","lat":0.0001,"lng":0.0001},{"nome":"Mato Grosso do Sul","sigla":"MS","cod":"50","lat":0.0001,"lng":0.0001},{"nome":"Mato Grosso","sigla":"MT","cod":"51","lat":0.0001,"lng":0.0001},{"nome":"Pará","sigla":"PA","cod":"15","lat":0.0001,"lng":0.0001},{"nome":"Paraíba","sigla":"PB","cod":"25","lat":0.0001,"lng":0.0001},{"nome":"Pernambuco","sigla":"PE","cod":"26","lat":0.0001,"lng":0.0001},{"nome":"Piauí","sigla":"PI","cod":"22","lat":0.0001,"lng":0.0001},{"nome":"Paraná","sigla":"PR","cod":"41","lat":0.0001,"lng":0.0001},{"nome":"Rio de Janeiro","sigla":"RJ","cod":"33","lat":0.0001,"lng":0.0001},{"nome":"Rio Grande do Norte","sigla":"RN","cod":"24","lat":0.0001,"lng":0.0001},{"nome":"Rondônia","sigla":"RO","cod":"11","lat":0.0001,"lng":0.0001},{"nome":"Roraima","sigla":"RR","cod":"14","lat":0.0001,"lng":0.0001},{"nome":"Rio Grande do Sul","sigla":"RS","cod":"43","lat":0.0001,"lng":0.0001},{"nome":"Santa Catarina","sigla":"SC","cod":"42","lat":0.0001,"lng":0.0001},{"nome":"Sergipe","sigla":"SE","cod":"28","lat":0.0001,"lng":0.0001},{"nome":"São Paulo","sigla":"SP","cod":"35","lat":0.0001,"lng":0.0001},{"nome":"Tocantins","sigla":"TO","cod":"17","lat":0.0001,"lng":0.0001}]